[
    {
        "action": "payment",
        "amount": 5.9,
        "confirmationNumber": "1242649321",
        "date": "2018-11-15",
        "number": "4343",
        "creditCardType": "AMEX",
        "type": "CREDIT_CARD",
        "autopayInd": false,
        "nickname": "Amex-*4343"
    },
    {
        "action": "payment",
        "amount": 5.8,
        "confirmationNumber": "1242649319",
        "date": "2018-11-15",
        "number": "4343",
        "creditCardType": "AMEX",
        "type": "CREDIT_CARD",
        "autopayInd": true,
        "nickname": "Amex-*4343"
    },
    {
        "action": "payment",
        "amount": 5.0,
        "confirmationNumber": "1242649318",
        "date": "2018-11-15",
        "number": "4343",
        "creditCardType": "AMEX",
        "type": "CREDIT_CARD",
        "autopayInd": false,
        "nickname": "Amex-*4343"
    },
    {
        "action": "payment",
        "amount": 1.05,
        "confirmationNumber": "1242648321",
        "date": "2018-11-13",
        "number": "0128",
        "type": "CHECKING_ACCOUNT",
        "autopayInd": false,
        "nickname": "Checking-*0128"
    },
    {
        "action": "payment",
        "amount": 1.04,
        "confirmationNumber": "1242648320",
        "date": "2018-11-13",
        "number": "0127",
        "type": "CHECKING_ACCOUNT",
        "autopayInd": false,
        "nickname": "Checking-*0127"
    },
    {
        "action": "payment",
        "amount": 1.03,
        "confirmationNumber": "1242648319",
        "date": "2018-11-13",
        "number": "2226",
        "creditCardType": "MASTERCARD",
        "type": "CREDIT_CARD",
        "autopayInd": false,
        "nickname": "MASTERCARD-*2226"
    },
    {
        "action": "payment",
        "amount": 1.02,
        "confirmationNumber": "1242648318",
        "date": "2018-11-13",
        "number": "5557",
        "creditCardType": "MASTERCARD",
        "type": "CREDIT_CARD",
        "autopayInd": false,
        "nickname": "MASTERCARD-*5557"
    },
    {
        "action": "payment",
        "amount": 1.01,
        "confirmationNumber": "1242648317",
        "date": "2018-11-13",
        "number": "4343",
        "creditCardType": "AMEX",
        "type": "CREDIT_CARD",
        "autopayInd": false,
        "nickname": "Amex-*4343"
    },
    {
        "action": "payment",
        "amount": 1.0,
        "confirmationNumber": "1242648316",
        "date": "2018-11-13",
        "number": "4448",
        "creditCardType": "VISA",
        "type": "CREDIT_CARD",
        "autopayInd": false,
        "nickname": "Visa-*4448"
    },
    {
        "action": "payment",
        "amount": 1.0,
        "confirmationNumber": "1242648306",
        "date": "2018-11-13",
        "number": "4448",
        "creditCardType": "VISA",
        "type": "CREDIT_CARD",
        "autopayInd": false,
        "nickname": "Visa-*4448"
    },
    {
        "action": "payment",
        "amount": 746.93,
        "confirmationNumber": "1242648249",
        "date": "2018-11-12",
        "number": "4448",
        "creditCardType": "VISA",
        "type": "CREDIT_CARD",
        "autopayInd": true,
        "nickname": "Visa-*4448"
    },
    {
        "action": "payment",
        "amount": 1.01,
        "confirmationNumber": "1242648253",
        "date": "2018-11-12",
        "number": "4448",
        "creditCardType": "VISA",
        "type": "CREDIT_CARD",
        "autopayInd": false,
        "nickname": "Visa-*4448"
    },
    {
        "action": "payment",
        "amount": 1.0,
        "confirmationNumber": "1242648254",
        "date": "2018-11-12",
        "number": "1111",
        "creditCardType": "VISA",
        "type": "CREDIT_CARD",
        "autopayInd": false,
        "nickname": "VISA-*1111"
    },
    {
        "action": "payment",
        "amount": 1.0,
        "confirmationNumber": "1242648252",
        "date": "2018-11-12",
        "number": "4448",
        "creditCardType": "VISA",
        "type": "CREDIT_CARD",
        "autopayInd": false,
        "nickname": "Visa-*4448"
    },
    {
        "action": "payment",
        "amount": 1.0,
        "confirmationNumber": "1242648251",
        "date": "2018-11-12",
        "number": "4441",
        "creditCardType": "VISA",
        "type": "CREDIT_CARD",
        "autopayInd": false,
        "nickname": "VISA-*4441"
    },
    {
        "action": "payment",
        "amount": 128.72,
        "confirmationNumber": "1239882435",
        "date": "2018-07-06",
        "number": "4061",
        "creditCardType": "VISA",
        "type": "CREDIT_CARD",
        "autopayInd": false,
        "nickname": "VISA-*4061"
    },
    {
        "action": "payment",
        "amount": 143.61,
        "confirmationNumber": "1225367758",
        "date": "2018-05-30",
        "number": "4061",
        "creditCardType": "VISA",
        "type": "CREDIT_CARD",
        "autopayInd": false,
        "nickname": "VISA-*4061"
    },
    {
        "action": "payment",
        "amount": 106.34,
        "confirmationNumber": "1212556183",
        "date": "2018-04-28",
        "number": "4061",
        "creditCardType": "VISA",
        "type": "CREDIT_CARD",
        "autopayInd": false,
        "nickname": "VISA-*4061"
    },
    {
        "action": "payment",
        "amount": 113.23,
        "confirmationNumber": "1200906450",
        "date": "2018-03-30",
        "number": "4061",
        "creditCardType": "VISA",
        "type": "CREDIT_CARD",
        "autopayInd": false,
        "nickname": "VISA-*4061"
    },
    {
        "action": "payment",
        "amount": 91.16,
        "confirmationNumber": "1198439501",
        "date": "2018-03-24",
        "number": "3255",
        "creditCardType": "VISA",
        "type": "CREDIT_CARD",
        "autopayInd": false,
        "nickname": "VISA-*3255"
    },
    {
        "action": "payment",
        "amount": 113.23,
        "confirmationNumber": "1181761227",
        "date": "2018-02-10",
        "number": "0906",
        "creditCardType": "MASTERCARD",
        "type": "CREDIT_CARD",
        "autopayInd": false,
        "nickname": "MASTERCARD-*0906"
    },
    {
        "action": "payment",
        "amount": 113.24,
        "confirmationNumber": "1166502817",
        "date": "2018-01-03",
        "number": "4408",
        "creditCardType": "VISA",
        "type": "CREDIT_CARD",
        "autopayInd": false,
        "nickname": "VISA-*4408"
    },
    {
        "action": "payment",
        "amount": 114.93,
        "confirmationNumber": "1154309159",
        "date": "2017-12-03",
        "number": "4408",
        "creditCardType": "VISA",
        "type": "CREDIT_CARD",
        "autopayInd": false,
        "nickname": "VISA-*4408"
    },
    {
        "action": "payment",
        "amount": 111.2,
        "confirmationNumber": "1143209989",
        "date": "2017-11-05",
        "number": "4083",
        "creditCardType": "MASTERCARD",
        "type": "CREDIT_CARD",
        "autopayInd": false,
        "nickname": "MASTERCARD-*4083"
    }
]
